,Names,Prices,Ratings
0,"Realme 5i (Forest Green, 128 GB)","₹10,999",4.4
1,"Redmi 8 (Ruby Red, 64 GB)","₹8,999",4.4
2,"Realme C3 (Frozen Blue, 32 GB)","₹7,499",4.4
3,"Realme C3 (Blazing Red, 32 GB)","₹7,499",4.4
4,"Redmi 8 (Onyx Black, 64 GB)","₹8,999",4.4
5,"Realme 6 (Comet Blue, 64 GB)","₹13,999",4.4
6,"Realme 5i (Forest Green, 64 GB)","₹9,999",4.4
7,"Realme 5i (Aqua Blue, 128 GB)","₹10,999",4.4
8,"Realme 5i (Aqua Blue, 64 GB)","₹9,999",4.4
9,"Realme 5s (Crystal Blue, 64 GB)","₹10,999",4.4
10,"Realme 6 (Comet White, 64 GB)","₹13,999",4.4
11,"Realme C2 (Diamond Black, 32 GB)","₹7,499",4.3
12,"Realme C2 (Diamond Black, 32 GB)","₹6,499",4.4
13,"Realme C2 (Diamond Blue, 32 GB)","₹6,499",4.4
14,"Realme 5s (Crystal Blue, 128 GB)","₹11,999",4.4
15,"Realme 5s (Crystal Purple, 64 GB)","₹10,999",4.4
16,"Vivo U10 (Electric Blue, 32 GB)","₹9,990",4.4
17,"Realme C3 (Frozen Blue, 64 GB)","₹8,499",4.4
18,"Realme 6 Pro (Lightning Blue, 64 GB)","₹17,999",4.6
19,"Realme C2 (Diamond Sapphire, 32 GB)","₹7,499",4.3
20,"Realme C2 (Diamond Ruby, 32 GB)","₹7,499",4.3
21,"POCO X2 (Matrix Purple, 128 GB)","₹17,999",4.6
22,"Realme 6 Pro (Lightning Blue, 128 GB)","₹19,999",4.5
23,"Realme 6 Pro (Lightning Blue, 128 GB)","₹18,999",4.6
24,"Realme 6 (Comet White, 128 GB)","₹15,999",4.4
25,"POCO X2 (Atlantis Blue, 64 GB)","₹16,999",4.6
26,"Redmi 8 (Sapphire Blue, 64 GB)","₹8,999",4.4
27,"Realme 5 Pro (Crystal Green, 128 GB)","₹16,999",4.5
28,"Realme 5 Pro (Sparkling Blue, 64 GB)","₹13,999",4.5
29,"Vivo Z1Pro (Sonic Blue, 64 GB)","₹14,990",4.5
30,"Vivo Z1Pro (Sonic Blue, 64 GB)","₹13,990",4.5
31,"POCO X2 (Phoenix Red, 128 GB)","₹17,999",4.6
32,"Realme 5 (Crystal Purple, 64 GB)","₹10,999",4.4
33,"Realme C3 (Blazing Red, 64 GB)","₹8,499",4.4
34,"Samsung Galaxy S9 (Midnight Black, 64 GB)","₹28,499",4.4
35,"Redmi Note 6 Pro (Red, 64 GB)","₹11,999",4.5
36,"Honor 20i (Phantom Red, 128 GB)","₹10,999",4.3
37,"Redmi 8A (Midnight Black, 32 GB)","₹6,999",4.4
38,"OPPO A7 (Glaring Gold, 64 GB)","₹10,990",4.4
39,"OPPO A7 (Glaze Blue, 64 GB)","₹13,690",4.3
40,"Redmi 8A (Ocean Blue, 32 GB)","₹6,999",4.4
41,"Infinix Hot 8 (Cosmic Purple, 64 GB)","₹7,999",4.5
42,"Infinix Hot 8 (Shark Grey, 64 GB)","₹7,999",4.5
43,"Infinix Hot 8 (Quetzal Cyan, 64 GB)","₹7,999",4.5
44,"Realme 5 Pro (Crystal Green, 64 GB)","₹14,999",4.5
45,"Realme 5 Pro (Sparkling Blue, 128 GB)","₹16,999",4.5
46,"Realme 5 Pro (Crystal Green, 64 GB)","₹13,999",4.5
47,"Realme 5 Pro (Sparkling Blue, 64 GB)","₹14,999",4.5
48,"Realme X2 (Pearl White, 64 GB)","₹17,999",4.5
49,"Infinix Note 5 (Ice Blue, 64 GB)","₹12,699",4.2
50,"Redmi Note 7 Pro (Astro Moonlight White, 128 GB)","₹13,999",4.5
51,"Redmi 8A (Sunset Red, 32 GB)","₹7,499",4.4
52,"Samsung Galaxy S9 Plus (Midnight Black, 64 GB)","₹31,699",4.5
53,"Honor 20i (Phantom Blue, 128 GB)","₹10,999",4.3
54,"Redmi Note 7 Pro (Space Black, 128 GB)","₹13,999",4.5
55,"Realme 5s (Crystal Red, 128 GB)","₹11,999",4.4
56,"OPPO A7 (Glaze Blue, 64 GB)","₹9,490",4.4
57,"Infinix S5 Pro (Violet, 64 GB)","₹10,999",4.5
58,"Infinix S5 Pro (Forest Green, 64 GB)","₹10,999",4.5
59,"Realme XT (Pearl Blue, 64 GB)","₹17,999",4.5
60,"POCO F1 (Steel Blue, 256 GB)","₹22,999",4.5
61,"Redmi Note 5 (Black, 64 GB)","₹11,999",4.4
62,"Redmi Note 7 Pro (Neptune Blue, 64 GB)","₹10,999",4.5
63,"OPPO F11 Pro (Thunder Black, 64 GB)","₹16,990",4.4
64,"POCO X2 (Matrix Purple, 64 GB)","₹16,999",4.6
65,"Motorola One Macro (Space Blue, 64 GB)","₹9,499",4.3
66,"Honor 9X (Midnight Black, 128 GB)","₹16,999",4.4
67,"Google Pixel 3a (Just Black, 64 GB)","₹30,999",4.5
68,"POCO X2 (Matrix Purple, 256 GB)","₹20,999",4.6
69,"Redmi Go (Blue, 16 GB)","₹4,999",4.3
70,"Realme XT (Pearl Blue, 128 GB)","₹19,999",4.5
71,"Redmi Note 8 (Cosmic Purple, 128 GB)","₹13,699",4.4
72,"Realme X2 (Pearl Green, 128 GB)","₹19,999",4.5
73,"Realme X2 (Pearl Green, 128 GB)","₹20,999",4.5
74,"Realme X2 (Pearl Green, 64 GB)","₹17,999",4.5
75,"Realme X2 (Pearl White, 128 GB)","₹19,999",4.5
76,"Realme X2 (Pearl Blue, 64 GB)","₹17,999",4.5
77,"Google Pixel 3a (Clearly White, 64 GB)","₹30,999",4.5
78,Micromax X807,"₹1,085",4.1
79,"Vivo S1 Pro (Mystic Black, 128 GB)","₹20,990",4.5
80,"POCO X2 (Atlantis Blue, 256 GB)","₹20,999",4.6
81,"Realme XT (Pearl Blue, 64 GB)","₹16,999",4.5
82,Nokia 105 SS,"₹1,125",4.3
83,Nokia 105 ss,"₹1,076",4.3
84,Nokia 105 SS,"₹1,097",4.3
85,"Honor 20i (Midnight Black, 128 GB)","₹10,999",4.3
86,Micromax X380,₹770,4
87,"OPPO A31 (Fantasy White, 64 GB)","₹12,490",4.4
88,"OPPO A31 (Mystery Black, 64 GB)","₹12,490",4.4
89,"Redmi Note 8 Pro (Shadow Black, 128 GB)","₹16,599",4.5
90,"Panasonic Eluga Ray 610 (Black, 32 GB)","₹5,999",4.2
91,"OPPO F15 (Unicorn White, 128 GB)","₹21,990",4.4
92,"Redmi Note 6 Pro (Rose Gold, 64 GB)","₹11,999",4.5
93,"OPPO F11 Pro (Thunder Black, 128 GB)","₹19,990",4.4
94,"Apple iPhone 7 Plus (Gold, 32 GB)","₹36,999",4.5
95,I Kall K88,₹649,3.3
96,"Redmi Note 8 Pro (Gamma Green, 128 GB)","₹16,890",4.5
97,Nokia 105 SS,"₹1,078",4.3
98,Kechaoda K66 Plus,₹949,4.1
99,"Apple iPhone 7 Plus (Rose Gold, 32 GB)","₹36,999",4.5
100,Lava A1,₹840,4.1
101,Micromax X412,₹723,4
102,Micromax X412,₹688,4
103,"Moto E6s (Caribbean Blue, 64 GB)","₹7,499",4.1
104,"Redmi K20 Pro (Glacier Blue, 128 GB)","₹26,999",4.5
105,"Lenovo K10 Plus (Black, 64 GB)","₹11,499",4.1
106,"OPPO K1 (Piano Black, 64 GB)","₹14,990",4.4
107,Samsung Guru 1200,"₹1,260",4.3
108,Kechaoda K115,₹880,4.1
109,"Vivo Y19 (Spring White, 128 GB)","₹14,990",4.4
110,"Vivo Y19 (Magnetic Black, 128 GB)","₹14,990",4.4
111,"Samsung Galaxy S9 (Coral Blue, 64 GB)","₹28,499",4.4
112,"Samsung Galaxy M30 (Gradation Blue, 64 GB)","₹12,279",4.4
113,I Kall K26 New,₹639,3.5
114,Lava Hero,₹671,4
115,"Gionee F9 Plus (Blue, 32 GB)","₹7,499",4.1
116,Nokia 105 SS,"₹1,060",4.3
117,"Black Shark 2 (Frozen Silver, 256 GB)","₹42,499",4.5
118,Kechaoda K66 Plus,₹949,4.1
119,Lava A3,"₹1,049",4.2
120,"POCO X2 (Phoenix Red, 64 GB)","₹16,999",4.6
121,"Panasonic Eluga Ray 810 (Starry Black, 64 GB)","₹6,999",4.1
122,Micromax X378,₹705,3.9
123,"Vivo S1 Pro (Jazzy Blue, 128 GB)","₹20,990",4.5
124,"Vivo S1 Pro (Dreamy White, 128 GB)","₹20,990",4.5
125,"XOLO Era 4x (Black, 16 GB)","₹4,299",4.1
126,"Samsung Galaxy M30s (Black, 64 GB)","₹14,900",4.4
127,"Samsung Galaxy M30s (Black, 64 GB)","₹14,073",4.4
128,Nokia 105 SS,"₹1,089",4.3
129,"Realme XT (Pearl White, 64 GB)","₹16,999",4.5
130,"Realme XT (Pearl White, 128 GB)","₹19,999",4.5
131,"Realme XT (Pearl White, 64 GB)","₹17,999",4.5
132,Micromax X512,₹760,4
133,"Gionee F9 Plus (Black, 32 GB)","₹7,499",4.1
134,"Black Shark 2 (Shadow Black, 128 GB)","₹31,999",4.5
135,Micromax X516,₹796,4
136,"Vivo Y11 (Agate Red, 32 GB)","₹9,990",4.4
137,"Vivo Y11 (Mineral Blue, 32 GB)","₹9,990",4.4
138,"OPPO F15 (Lightening Black, 128 GB)","₹21,990",4.4
139,"OPPO F11 Pro (Aurora Green, 128 GB)","₹17,990",4.4
140,"Redmi Note 7 Pro (Astro Moonlight White, 64 GB)","₹12,999",4.5
141,Samsung Guru Music 2,"₹1,760",4.3
142,"Moto G8 Plus (Crystal Pink, 64 GB)","₹12,999",4.3
143,Kechaoda K33,₹880,4.1
144,Lava A7,"₹1,316",4.2
145,"Redmi Note 8 (Space Black, 128 GB)","₹12,999",4.4
146,"Lenovo K10 Note (Black, 64 GB)","₹9,999",4.2
147,"Samsung Galaxy A50 (Black, 64 GB)","₹15,899",4.3
148,"Nokia 7.2 (Ice, 64 GB)","₹17,099",4.2
149,"Realme X (Super Polar White, 128 GB)","₹21,999",4.5
150,"Redmi 8 (Emerald Green, 64 GB)","₹8,999",4.4
151,"Vivo S1 (Skyline Blue, 128 GB)","₹19,990",4.5
152,"Vivo S1 (Diamond Black, 128 GB)","₹19,990",4.5
153,"Tecno Camon 15 Pro (Ice Jadite, 128 GB)","₹14,999",3.5
154,"Tecno Camon 15 Pro (Opal White, 128 GB)","₹14,999",3.5
155,Lava A7,"₹1,429",4.2
156,"OPPO A5s (Blue, 32 GB)","₹8,990",4.3
157,Samsung Metro 313 Dual Sim,"₹2,120",4.2
158,"OPPO A5 2020 (Dazzling White, 64 GB)","₹13,990",4.4
159,"Apple iPhone 8 (Silver, 64 GB)","₹38,999",4.5
160,"Vivo V17 (Midnight Ocean Black, 128 GB)","₹24,990",4.5
161,"OnePlus 7 (Mirror Blue, 128 GB)","₹29,999",4.6
162,"OnePlus 7 (Red, 256 GB)","₹31,449",4.6
163,"Realme 3 (Radiant Blue, 32 GB)","₹8,499",4.4
164,"Realme 3 (Radiant Blue, 64 GB)","₹9,499",4.4
165,"Realme 3 (Black, 32 GB)","₹8,499",4.4
166,"Realme 3 (Dynamic Black, 64 GB)","₹9,499",4.4
167,"Realme 3 (Dynamic Black, 32 GB)","₹8,499",4.4
168,"OnePlus 7T (Glacier Blue, 128 GB)","₹35,105",4.6
169,Lava A1200,"₹1,055",4.2
170,"Redmi Note 7S (Onyx Black, 64 GB)","₹11,999",4.4
171,"OPPO A3s (Red, 64 GB)","₹10,599",4.3
172,Samsung Guru FM Plus,"₹1,500",4.2
173,"Meizu C9 Pro (Gold, 32 GB)","₹4,490",4.1
174,"Apple iPhone 11 (Purple, 128 GB)","₹69,900",4.7
175,Lava A7,"₹1,299",4.2
176,Itel It 2190,₹870,4.1
177,Itel It 2190,₹851,4.1
178,Micromax X421,₹869,4.2
179,"Mi A3 (More Than White, 128 GB)","₹14,999",4.3
180,"Karbonn Viraat Plus (Black, 16 GB)","₹3,499",4
181,Micromax X380,₹775,4
182,"Samsung Galaxy A10s (Black, 32 GB)","₹9,480",4.4
183,Karbonn K2 Boom Box,₹666,3.9
184,Micromax X744,₹949,3.9
185,"Gionee F9 (Champagne, 32 GB)","₹5,499",4.1
186,"Vivo U20 (Blaze Blue, 64 GB)","₹12,990",4.4
187,"Motorola One Action (Denim Blue, 128 GB)","₹10,999",4.2
188,Nokia 105,"₹1,299",4.2
189,"Realme 3 (Radiant Blue, 64 GB)","₹10,499",4.4
190,"Apple iPhone 11 (Green, 128 GB)","₹69,900",4.7
191,Samsung Guru FM Plus SM-B110E/D,"₹1,500",4.3
192,I Kall K2180,₹639,3.7
193,"OPPO Reno3 Pro (Sky White, 128 GB)","₹31,990",4.6
194,"OPPO Reno3 Pro (Midnight Black, 128 GB)","₹31,990",4.6
195,Micromax X749,"₹1,069",4.4
196,"Lenovo K9 (Black, 32 GB)","₹6,499",4.2
197,"Motorola One Macro (Ultra Violet, 64 GB)","₹9,499",4.3
198,"Apple iPhone 11 (White, 128 GB)","₹69,900",4.7
199,"OPPO A5 2020 (Mirror Black, 64 GB)","₹12,490",4.4
200,Nokia 110,"₹1,647",4.1
201,"Coolpad Mega 5A (Gold, 16 GB)","₹4,250",3.8
202,"Apple iPhone 6s (Gold, 32 GB)","₹25,299",4.5
203,"Samsung Galaxy A51 (Prism Crush Black, 128 GB)","₹25,299",4.4
204,"OPPO K1 (Astral Blue, 64 GB)","₹14,990",4.4
205,Gfive U873,₹599,3.8
206,Gfive U873,₹639,3.8
207,"Moto E6s (Rich Cranberry, 64 GB)","₹7,499",4.1
208,"Micromax Bharat 5 Pro (Jet Black, 32 GB)","₹5,199",4
209,"Redmi Note 7 Pro (Neptune Blue, 64 GB)","₹12,999",4.5
210,"Apple iPhone 11 (Black, 64 GB)","₹64,900",4.7
211,"Honor 9X (Sapphire Blue, 128 GB)","₹16,999",4.4
212,"Honor 9X (Sapphire Blue, 128 GB)","₹13,999",4.4
213,"Tecno Spark Go Plus (Hillier Purple, 32 GB)","₹6,299",4.3
214,Samsung Metro 313 Dual Sim,"₹2,294",4.3
215,"Apple iPhone 11 (Purple, 64 GB)","₹64,900",4.7
216,I Kall K73 Combo of Two Mobiles,₹999,3
217,"Mi A3 (Not just Blue, 128 GB)","₹14,999",4.3
218,Kechaoda K66 Plus,₹949,4.1
219,"OPPO A9 2020 (Vanilla Mint, 128 GB)","₹15,990",4.4
220,"OPPO A9 2020 (Marine Green, 128 GB)","₹15,990",4.4
221,"OPPO A9 2020 (Space Purple, 128 GB)","₹15,990",4.4
222,"OPPO A5s (Black, 32 GB)","₹9,490",4.4
223,"OPPO A5s (Gold, 64 GB)","₹11,590",4.3
224,"OPPO A5s (Green, 64 GB)","₹11,590",4.3
225,Nokia 105,"₹1,099",4
226,"Asus ZenFone Max M1 (Black, 32 GB)","₹5,999",4.1
227,Karbonn KX23,₹949,3.9
228,Itel It2171,₹810,4.1
229,Itel It2171,₹746,4.1
230,Itel It2171,₹780,4.1
231,"Realme 6 Pro (Lightning Orange, 128 GB)","₹19,999",4.5
232,"Vivo V17 (Glacier ice white, 128 GB)","₹24,990",4.5
233,"Realme 3 (Dynamic Black, 64 GB)","₹10,499",4.4
234,"OnePlus 7 (Mirror Grey, 128 GB)","₹29,989",4.6
235,"OnePlus 7 (Mirror Grey, 256 GB)","₹33,970",4.6
236,"Vivo Y91 (Starry Black, 32 GB)","₹8,999",4.4
237,I Kall K3310,₹699,3.7
238,I Kall K3310,₹699,3.7
239,Karbonn KX2,₹799,3.8
240,Kechaoda K116 Plus,₹885,4
241,"Vivo S1 (Diamond Black, 128 GB)","₹17,990",4.5
242,I Kall I KALL K2180 Red,₹649,3.8
243,I Kall K20 New Combo of Two Mobiles,"₹1,199",3.4
244,"OnePlus 7T (Frosted Silver, 128 GB)","₹35,449",4.6
245,Hicell C9 Metro,₹539,3.6
246,"Infinix Note 5 (Milan Black, 64 GB)","₹12,699",4.2
247,"Infinix Note 5 (Berlin Gray, 64 GB)","₹12,699",4.2
248,"Redmi 8A (Midnight Black, 32 GB)","₹7,499",4.4
249,Karbonn K140 Pop,₹699,3.9
250,"OPPO A5 2020 (Mirror Black, 64 GB)","₹13,990",4.4
251,"Meizu C9 Pro (Black, 32 GB)","₹4,490",4.1
252,"iQOO 3 (Quantum Silver, 128 GB)","₹38,990",4.4
253,"Samsung Galaxy A50s (Prism Crush White, 128 GB)","₹21,099",4.3
254,"Samsung Galaxy A50 (White, 64 GB)","₹15,899",4.3
255,Kechaoda A27,₹899,4.1
256,Snexian Rock,"₹1,145",3.9
257,Snexian Rock,"₹1,145",3.9
258,"Karbonn Vue 1 (Champagne, 8 GB)","₹3,099",4.1
259,"OPPO F5 Youth (Black, 32 GB)","₹17,990",4.3
260,Samsung Guru FM Plus SM-B110E/D,"₹1,500",4.3
261,"Apple iPhone XR (White, 64 GB)","₹49,900",4.6
262,Micromax X516,₹777,4
263,"Gionee F10 (Blue, 32 GB)","₹6,999",4.2
264,Itel Muzik 400,"₹1,338",4.1
265,Lava One,"₹1,269",4.1
266,Fox Bolt FX241,₹699,3.7
267,I Kall K38 Plus,"₹1,299",4.3
268,Lava Hero 600,₹621,4
269,"Redmi Note 8 Pro (Electric Blue, 128 GB)","₹16,399",4.5
270,"Realme 3i (Diamond Blue, 64 GB)","₹10,499",4.4
271,"Realme 3i (Diamond Blue, 32 GB)","₹8,499",4.4
272,"Realme 3i (Diamond Black, 64 GB)","₹10,499",4.4
273,"Realme 3i (Diamond Black, 32 GB)","₹8,499",4.4
274,Micromax X742,₹819,3.8
275,Karbonn K9 SPY,"₹1,049",3.9
276,"Honor 9N (Midnight Black, 128 GB)","₹9,499",4.3
277,"Honor 9N (Midnight Black, 32 GB)","₹7,999",4.4
278,Fox Bolt FX241,₹959,3.7
279,"Micromax iOne (Black, 16 GB)","₹3,665",4
280,"Samsung Galaxy A50s (Prism Crush Black, 128 GB)","₹21,099",4.3
281,"Redmi Note 8 (Moonlight White, 64 GB)","₹11,900",4.4
282,Lava A5,"₹1,125",4.1
283,Karbonn KX23,"₹1,039",3.9
284,Karbonn KX23,"₹1,041",3.9
285,Fox Sultan,₹899,3.9
286,"Realme X (Polar White, 128 GB)","₹20,999",4.5
287,I Kall K 48,₹639,3.8
288,Fox Champ FX240,₹899,3.6
289,Gfive Classic,₹625,3.6
290,"Samsung Galaxy S10 Lite (Prism Blue, 128 GB)","₹42,099",4.5
291,"LG G8X (Aurora Black, 128 GB)","₹54,999",5
292,"Redmi 4A (Gold, 32 GB)","₹6,999",4.4
293,"Asus ZenFone Max Pro M2 (Blue, 64 GB)","₹11,999",4.3
294,I Kall K24,₹599,3.3
295,"Mobiistar X1 Dual (Black, 32 GB)","₹6,690",3.8
296,"Lava Z71 (Ruby Red, 32 GB)","₹6,299",3.9
297,"Lenovo K9 Note (Gold, 64 GB)","₹7,499",4.1
298,I Kall K3310,₹699,3.7
299,"Gionee F10 (Black, 32 GB)","₹6,999",4.2
300,"OPPO F5 Youth (Gold, 32 GB)","₹17,990",4.3
301,Kechaoda K10,₹999,4
302,"Samsung Galaxy S20+ (Cosmic Black, 128 GB)","₹77,999",4.8
303,"Redmi 3S (Silver, 16 GB)","₹6,999",4.3
304,Karbonn K451 Power,"₹1,023",3.8
305,Intex Turbo 108,₹911,3.9
306,Fox Sultan,"₹1,099",3.9
307,Forme W1+,₹999,3.5
308,"OPPO F11 (Fluorite Purple, 128 GB)","₹13,990",4.4
309,I Kall K66 Combo Of Two Mobile,"₹1,199",3.5
310,Karbonn KX3,₹717,3.9
311,"Lava Z61 (Gold, 16 GB)","₹6,500",4.1
312,"Tecno Camon i4 (Midnight Black, 64 GB)","₹8,990",4.3
313,Forme Mini 1,₹899,3.8
314,"Infinix S5 Lite (Midnight Black, 64 GB)","₹8,499",4.3
315,"Infinix Smart 2 (City Blue, 32 GB)","₹7,499",4
316,GLX U505,₹639,3.6
317,Karbonn K31,"₹1,050",4
318,"Asus ZenFone Max M2 (Black, 64 GB)","₹8,999",4.3
319,Kechaoda K66 Plus,₹910,4.1
320,"Realme C2 (Diamond Blue, 16 GB)","₹6,499",4.4
321,"iQOO 3 (Tornado Black, 256 GB)","₹41,990",4.4
322,"iQOO 3 (Tornado Black, 128 GB)","₹38,990",4.4
323,"iQOO 3 (Quantum Silver, 256 GB)","₹41,990",4.4
324,"iQOO 3 (Volcano Orange, 256 GB)","₹41,990",4.4
325,I Kall K20 New,₹649,3.5
326,"Realme 3i (Diamond Red, 32 GB)","₹8,499",4.4
327,Karbonn KX25,₹949,4.2
328,Kechaoda K2,₹649,4
329,Kechaoda K2,₹649,4
330,"OPPO Reno2 F (Lake Green, 128 GB)","₹23,490",4.5
331,Karbonn K9 SPY,"₹1,099",3.9
332,"Tecno Camon 15 (SHOAL GOLD, 64 GB)","₹10,499",4.3
333,"Honor 9N (Sapphire Blue, 32 GB)","₹7,999",4.4
334,Forme W1+,₹999,3.4
335,I Kall K23 New Mobile,₹639,3.6
336,I Kall K29,₹649,3.8
337,"Karbonn Aura (Silver, 8 GB)","₹4,325",3.4
338,Zen X62,₹959,4.2
339,Forme F Fone with Secondary Camera,₹899,3.7
340,"Samsung Galaxy S20+ (Cloud Blue, 128 GB)","₹77,999",4.8
341,"Aqua JAZZ (Gold, 16 GB)","₹4,969",3.7
342,"Yu Ace (Charcoal Grey, 16 GB)","₹4,299",4.1
343,"I Kall K3 (Red, 16 GB)","₹4,499",3.4
344,"Huawei Y9 Prime 2019 (Sapphire Blue, 128 GB)","₹15,999",4.3
345,Intex Eco Selfie 2,₹850,3.9
346,I Kall K 50 Combo of 2,"₹1,499",4
347,Fox Sultan,₹999,3.9
348,Fox Sultan,"₹1,099",3.9
349,Fox Gama,₹899,3.8
350,Fox Gama,₹799,3.8
351,"Vivo V15 Pro (Ruby Red, 128 GB)","₹21,099",4.5
352,GLX W8,₹639,3.8
353,"Redmi K20 Pro (Pearl White, 128 GB)","₹26,999",4.5
354,Kechaoda K115,₹880,4.1
355,"Moto G8 Plus (Cosmic Blue, 64 GB)","₹12,999",4.3
356,I Kall K20 New Combo of Two Mobiles,"₹1,199",3.4
357,BlackBear C99 Marathon,"₹1,289",3.8
358,I Kall K3312,₹799,3.5
359,"Panasonic P77 (Grey, 16 GB)","₹6,990",3.7
360,Itel it5607,₹985,4.2
361,"Itel A44 Pro (Blue, 16 GB)","₹3,999",4.3
362,"Motorola One Vision (Sapphire Gradient, 128 GB)","₹14,999",4.1
363,Gfive U873 Combo of Two,"₹1,099",3.8
364,Gfive U229 Combo of Two,"₹1,089",3.9
365,Samsung Guru Music 2 SM-B310E,"₹1,880",4.1
366,Snexian Rock,"₹1,145",3.9
367,M-Smart M-3310,₹599,3.7
368,"Apple iPhone 11 (Red, 128 GB)","₹69,900",4.7
369,Karbonn K Pebble,"₹1,190",4.1
370,Micromax X1i-2017,₹880,3.9
371,"Swipe Elite VR (Black/Charcoal Black, 8 GB)","₹5,999",3.2
372,Snexian M6044,"₹1,049",2.2
373,Kechaoda K9,₹949,4
374,Kechaoda K9,₹949,4
375,"OPPO A3s (Purple, 16 GB)","₹7,490",4.4
376,I Kall K38 New with Flash Light support,₹549,3.7
377,GLX W22,₹639,3.6
378,GLX W22,₹639,3.6
379,GLX W22,₹639,3.6
380,"Infinix Smart 2 (Bordeaux Red, 16 GB)","₹6,999",4.1
381,"Infinix Smart 2 (City Blue, 16 GB)","₹6,999",4.1
382,"Infinix Smart 2 (Serene Gold, 16 GB)","₹6,999",4.1
383,Itel Magic 1,"₹1,299",4.2
384,I Kall K38 New Mobile,₹599,3.7
385,Kechaoda K123,"₹1,900",4.3
386,Karbonn K88,"₹1,245",3.5
387,Itel It 2190,₹865,4.1
388,Micromax X421,₹795,4.2
389,"Micromax Smarty 4.0 (White, 2 GB)","₹6,599",4.3
390,Forme Teddy T4,₹728,3.5
391,"Micromax Spark Go (Silver, 8 GB)","₹3,299",4
392,I Kall K18 New,₹649,3.7
393,"Smartron t-phone T5511 (Classic Grey, 64 GB)","₹9,290",3.3
394,"Vivo Y17 (Mineral Blue, 128 GB)","₹14,799",4.4
395,Fox Sultan,₹899,3.9
396,Micromax X811,"₹1,049",3.8
397,"Micromax Superfone Ninja2 A56 (Blue, 150 MB)","₹6,199",4
398,"Redmi 7A (Matte Black, 16 GB)","₹6,499",4.3
399,Swipe Elite 3- 4G with VoLTE,"₹5,999",3.2
400,"Google Pixel 3 XL (Just Black, 64 GB)","₹54,999",4.6
401,"Google Pixel 3 XL (Not Pink, 64 GB)","₹54,999",4.6
402,"Google Pixel 3 XL (Clearly White, 128 GB)","₹51,999",4.6
403,"Asus ZenFone 5Z (Meteor Silver, 256 GB)","₹21,999",4.5
404,"Motorola One Vision (Bronze Gradient, 128 GB)","₹14,999",4.1
405,"Micromax Evok Dual Note (Champagne, 32 GB)","₹4,799",4
406,"Realme 2 Pro (Blue Ocean, 128 GB)","₹15,490",4.5
407,"Realme 2 Pro (Black Sea, 128 GB)","₹15,490",4.5
408,Micromax X512,₹780,4
409,Forme M660,₹999,3.7
410,I Kall K-130,₹549,3.6
411,"Infinix Hot 7 (Midnight Black, 64 GB)","₹9,999",4.2
412,"OPPO Reno2 F (Sky White, 128 GB)","₹23,490",4.5
413,"Apple iPhone XR ((PRODUCT)RED, 64 GB)","₹49,900",4.6
414,I Kall K11,₹639,3.4
415,Karbonn KX24,"₹1,099",3.9
416,Forme HERO,₹747,3.6
417,Peace P8,₹699,3.5
418,Karbonn K9,"₹1,129",4
419,"Apple iPhone 11 (Black, 256 GB)","₹79,900",4.7
420,"Redmi 7A (Matte Blue, 16 GB)","₹6,499",4.3
421,Kechaoda K115,₹890,4.1
422,Rocktel R5,₹599,3.6
423,"Redmi 7 (Lunar Red, 32 GB)","₹7,999",4.3
424,I Kall K51,₹639,4.1
425,BlackZone B310,₹599,3.2
426,Kechaoda A26,₹849,4.1
427,Peace Knight,₹565,3.5
428,"Apple iPhone 11 (Purple, 256 GB)","₹79,900",4.7
429,"Samsung Galaxy On8 (Blue, 64 GB)","₹12,699",4.4
430,I Kall K71 New Mobile,₹570,3.5
431,Zen M72 Slim,"₹1,232",4
432,Trio T6,₹680,3.1
433,I Kall K55 Combo Of Two Mobile,₹999,3.4
434,Zen X56,"₹1,080",3.8
435,Zen X56,₹976,3.5
436,"Realme 2 Pro (Ice Lake, 64 GB)","₹13,990",4.5
437,I Kall K18 New,₹639,3.7
438,Gfive U229,₹499,3.7
439,"Apple iPhone 11 (Red, 256 GB)","₹79,900",4.7
440,"LYF C459 (Blue, 8 GB)","₹3,499",3.5
441,Forme Hope H1,"₹1,025",3.8
442,BlackZone TURBO,₹799,3.2
443,Blackbear B5 Bolt,₹649,3.9
444,"Vivo S1 (Skyline Blue, 64 GB)","₹18,990",4.5
445,I Kall K39,₹799,3.7
446,"Samsung Galaxy A10 (Blue, 32 GB)","₹8,499",4.3
447,"Asus ZenFone 5Z (Midnight Blue, 64 GB)","₹16,999",4.5
448,"LG K9 4G LTE (Black, 16 GB)","₹7,999",3.9
449,Micromax X603,"₹1,048",3.8
450,I Kall K111 Pack of Three,"₹1,677",
451,I Kall K25,₹599,3.3
452,I Kall K71 Pack of Three,"₹1,099",3.4
453,I Kall K2180,₹649,3.7
454,Karbonn K2S Dual Sim - Black & Red,"₹1,050",3.6
455,"Infinix Smart 2 (Sandstone Black, 32 GB)","₹7,499",4
456,Hicell C2 Turbo,₹599,3.7
457,Tork X1,₹799,
458,Forme Surprise S11,₹895,4.2
459,I Kall K20 New,₹649,3.5
460,Micromax Flash X910,"₹1,699",3.7
461,Gfive U707,₹625,3.7
462,Gfive U220+,₹559,3.5
463,Gfive U220+,₹555,3.5
464,Micromax X551,"₹1,045",3.8
465,Jivi Banana 6,₹844,3.9
466,EcoTel E16,₹599,
467,JIVI X30,₹749,3.9
468,"OPPO A1K (Black, 32 GB)","₹7,990",4.3
469,Kara K-10,₹749,3.3
470,Karbonn K451 Power,"₹1,039",3.8
471,"Samsung Galaxy On5 (Gold, 8 GB)","₹7,399",4.3
472,Itel IT5025,₹995,4.1
473,"XOLO ZX (Electric Blue, 64 GB)","₹9,199",3.8
474,"XOLO ZX (Electric Blue, 128 GB)","₹11,199",4.2
475,"XOLO ZX (Midnight Blue, 64 GB)","₹9,199",3.8
476,"Apple iPhone 11 Pro Max (Gold, 64 GB)","₹1,09,900",4.7
477,Mymax M8110,₹799,3.6
478,Snexian Fire 105 Combo of Three Mobiles,"₹1,609",
479,"Lava Z41 (Amber Red, 16 GB)","₹3,899",4
480,"Samsung Galaxy S20 (Cloud Blue, 128 GB)","₹70,599",4.2
481,"Samsung Galaxy A50 (Black, 64 GB)","₹18,999",4.4
482,Zen X53 Beats,₹799,3.6
483,Intex Eco 105x,₹749,4
484,Tambo A1806,₹890,
485,"HTC Wildfire X (Blue, 32 GB)","₹7,999",3.9
486,Forme Q600,₹844,3.4
487,"Nextbit Robin (Mint, 32 GB)","₹19,999",4
488,Micromax GC318,"₹1,059",3.5
489,I Kall K28 Combo of Two Mobiles,"₹1,199",3.4
490,Cellecor Zoom,₹760,4.3
491,Blackzone Force+,₹629,3.4
492,"Redmi 3S (Dark Grey, 16 GB)","₹6,999",4.3
493,Hicell C1 Tiger,₹539,3.4
494,"Samsung Galaxy A9 (Lemonade Blue, 128 GB)","₹27,399",4.4
495,Fox Gama,₹899,3.9
496,"Infinix S5 Lite (Violet, 64 GB)","₹8,499",4.3
497,"Infinix S5 Lite (Quetzal Cyan, 64 GB)","₹8,499",4.3
498,"Redmi Note 6 Pro (Red, 64 GB)","₹11,999",4.5
499,Karbonn K Phone Mashaal,"₹1,399",4.2
500,BlackBear B5 Chrome,₹610,3.6
501,"Apple iPhone 11 Pro (Silver, 512 GB)","₹1,31,900",4.7
502,Tork T13 Banana,₹837,3.8
503,Mymax M32S,₹565,3.5
504,Micromax X072,₹777,3.8
505,"Redmi 4A (Dark Grey, 32 GB)","₹6,999",4.4
506,Snexian Fire 105 Combo of Two Mobiles,"₹1,109",3.4
507,Snexian Fire 105 Combo of Two Mobiles,"₹1,109",3.4
508,"OPPO A5s (Black, 32 GB)","₹8,990",4.3
509,"Honor 9i (Graphite Black, 64 GB)","₹9,499",4.3
510,"Redmi K20 Pro (Pearl White, 256 GB)","₹29,999",4.5
511,"Lava Z62 (Midnight Blue, 16 GB)","₹5,549",4.1
512,Forme Surprise S10,₹895,3.7
513,Kechaoda K28,₹999,4
514,"Redmi 6 Pro (Gold, 32 GB)","₹8,990",4.3
515,Snexian M3022 Combo of Two Mobiles,"₹1,079",2
516,Snexian M3022 Combo of Two Mobiles,"₹1,079",2
517,Intex Eco A1+,₹729,3.8
518,Jivi X93 Grand,"₹1,099",3.9
519,Zen Power 101 X60,₹909,4.1
520,"Redmi 7A (Matte Blue, 32 GB)","₹6,699",4.3
521,Blackbear Dynamic,₹999,3.6
522,"Lenovo K10 Plus (Sprite, 64 GB)","₹11,499",4.1
523,Lava KKT ipro,"₹1,049",4.1
524,"Realme C1 (Mirror Black, 32 GB)","₹8,499",4.4
525,I Kall K44 NEW,₹639,3.7
526,"Samsung Galaxy On Max (Gold, 32 GB)","₹19,900",4.3
527,I Kall K37 New,₹799,3.5
528,EcoTel E11,₹599,3.3
529,EcoTel E11,₹599,3.3
530,"Samsung Galaxy On6 (Black, 64 GB)","₹10,599",4.3
531,Micromax X271,"₹2,300",
532,Forme Winner W3,₹845,3.9
533,Snexian Bravo Disco,"₹1,299",2.9
534,Lava KKT Curve,"₹1,299",3.9
535,"XOLO Era 4x (Gold, 16 GB)","₹6,199",4.1
536,"XOLO Era 4x (Gold, 16 GB)","₹4,299",4.1
537,Micromax X770,"₹1,199",3.7
538,Blackzone Force+,₹629,3.4
539,"Apple iPhone 6s Plus (Gold, 32 GB)","₹33,999",4.4
540,"Honor 7C (Black, 64 GB)","₹9,490",4.3
541,"Panasonic P55 Max (Champagne Gold, 16 GB)","₹8,499",3.9
542,"Redmi 3S Prime (Gold, 32 GB)","₹8,999",4.3
543,"OPPO Reno2 Z (Luminous Black, 256 GB)","₹27,490",4.5
544,"OPPO Reno2 Z (Sky White, 256 GB)","₹27,490",4.5
545,Kara Elight,₹699,3.7
546,Kara Elight,₹679,3.7
547,"Panasonic Eluga Ray 610 (Blue, 32 GB)","₹6,199",4.2
548,1+1=2 D1,₹649,3.4
549,"Nokia 3.2 (Black, 32 GB)","₹9,499",4.1
550,"Realme 2 Pro (Black Sea, 64 GB)","₹11,490",4.5
551,"Realme 2 Pro (Blue Ocean, 64 GB)","₹11,490",4.5
552,Lava KKT Pearl FM 17,"₹1,299",4
553,Hicell C9 Metro,₹499,3.6
554,Karbonn K885 Metal,"₹1,299",3.8
555,"Itel A25 (Gradation Purple, 16 GB)","₹3,899",4.8
556,Nokia 110,"₹1,699",4.1
557,"Samsung Galaxy A51 (Prism Crush Blue, 128 GB)","₹25,299",4.4
558,Micromax X610,₹999,3.8
559,"Apple iPhone 11 Pro Max (Gold, 512 GB)","₹1,41,900",4.7
560,Micromax X920,"₹1,340",4.3
561,"Moto G7 (Black, 64 GB)","₹9,999",4.3
562,Intex Eco 110,₹850,4.2
563,Zen X50,"₹1,096",3.8
564,"Apple iPhone 11 Pro (Midnight Green, 512 GB)","₹1,31,900",4.7
565,"Apple iPhone X (Silver, 64 GB)","₹69,999",4.6
566,"Nexian NV-45 (Black, 8 GB)","₹3,799",3.6
567,I Kall K34 New,₹649,3.6
568,Fox Champ FX240,₹899,3.6
569,Blackzone JUPITER,₹599,2.3
570,"Micromax Canvas Infinity (Black, 32 GB)","₹5,299",4.1
571,"Honor 10 Lite (Sky Blue, 64 GB)","₹12,199",4.4
572,Forme F451,"₹1,149",3.3
573,"Lenovo A6 Note (Black, 32 GB)","₹6,999",4.1
574,"Panasonic Eluga A3 (Grey, 16 GB)","₹11,490",3.8
575,"Otho T1 (Red, 8 GB)","₹3,999",
576,I Kall K-60,"₹1,899",4.3
577,Lava ARC 240,"₹1,199",3.8
578,Lava KKT Mega,"₹1,449",3.4
579,Micromax X288,"₹2,250",3.4
580,"BLU Studio G HD (Grey, 8 GB)","₹3,499",3.9
581,Lava Spark Icon X,"₹1,510",3.8
582,Gfive W1,₹928,3.8
583,Lava Captain 9s,₹969,4
584,Micromax X274,"₹1,999",4.1
585,"Gionee S10 Lite (Gold, 32 GB)","₹6,799",4.1
586,"Intex Aqua 5.5 VR Plus (Black, 16 GB)","₹5,299",3.7
587,Lava KKT 45,"₹1,999",3.9
588,Micromax X276,"₹1,999",3.8
589,Kechaoda K116 Plus,₹895,4
590,Forme F105,₹715,3.4
591,InFocus POWER 2,"₹1,180",4
592,Lava ARC Glam,₹979,3.8
593,Lava ARC 225,"₹1,225",3.8
594,Micromax X246,"₹1,999",2.8
595,Mymax A12,₹565,3.9
596,"Vivo V9 Youth (Black, 32 GB)","₹8,990",4.4
597,"Lava ARC 105 (Gold, 512 MB)",₹949,4
598,Forme Find F105,₹715,3.3
599,Lava ARC 101,"₹1,179",3.8
600,Intex i10,₹865,4.3
601,Micromax X229,"₹1,999",5
602,Micromax X970,"₹1,250",3.8
603,Lava CaptainN1 Lite,₹799,4.1
604,Forme S10,₹895,4
605,Lava C11s,"₹1,299",3.2
606,Lava C11s,"₹1,299",3.2
607,"OPPO F11 (Fluorite Purple, 128 GB)","₹17,990",4.4
608,Muphone M390,"₹1,569",3.8
609,Lava ARC Lite Plus,₹970,3.7
610,Karbonn K2S Dual Sim - White & Grey,"₹1,050",3.5
611,Lava Spark Icon2,"₹1,175",3.4
612,Lava ARC Lite+ FM,₹939,3.7
613,"Nokia 6.1 Plus (Black, 64 GB)","₹8,999",4.3
614,Micromax X215,"₹2,449",3
615,I Kall K3312,"₹1,199",3.5
616,"Samsung Galaxy A50 (Blue, 64 GB)","₹18,999",4.4
617,Lava Spark Vibe,"₹1,469",3.7
618,"Redmi Note 7S (Ruby Red, 64 GB)","₹11,999",4.4
619,Micromax X2i,"₹2,999",
620,Lava ARC One,"₹1,049",3.9
621,Lava ARC One,"₹1,369",3.9
622,Lava KKT TRIO X,"₹1,059",3.9
623,Muphone M360,₹899,
624,"Lava A32 (Black, 512 MB)","₹2,649",3.3
625,Micromax X331,"₹2,499",4.1
626,Micromax X331,"₹1,999",4.1
627,Lava KKT Ultra+ Union,"₹1,259",4
628,"Samsung Galaxy A30s (Prism Crush White, 64 GB)","₹15,899",4.3
629,"Apple iPhone 11 Pro (Space Grey, 512 GB)","₹1,31,900",4.7
630,Snexian 3310 Carving,₹749,3.4
631,BlackZone Polo,₹631,3.3
632,I Kall K20 New,₹649,3.5
633,Lava KKT Uno+,"₹1,399",3.8
634,Forme M90,"₹1,099",
635,Lava ARC Dzire,"₹1,329",3.7
636,"Blackbear B6 Glory (Blue, 16 GB)","₹4,999",
637,Lava KKT Pearl,"₹1,249",4
638,Lava KKT Pearl,"₹1,299",4
639,Forme D556,"₹1,015",
640,Forme Gorilla,₹999,3.8
641,tambo A1806,₹790,
642,"Lava Flair P1i (Black, 512 MB)","₹2,222",3.3
643,"Apple iPhone XR (Coral, 128 GB)","₹54,900",4.6
644,Lava Arc 112,₹999,3.7
645,I Kall K25 New,₹649,3.6
646,I Kall K25 New,₹649,3.6
647,Lava Spark One,"₹1,429",3.8
648,Itel Muzik 400,"₹1,268",4.1
649,InFocus Hero Selfie C1,₹641,3.9
650,"Lava A48 (Blue, 4 GB)","₹2,899",3.4
651,"Tecno Camon i 2 (Champagne Gold, 32 GB)","₹6,990",4.4
652,Forme Winner 2,₹999,4.3
653,Kechaoda A26,₹899,4.1
654,"Samsung Galaxy A71 (Prism Crush Silver, 128 GB)","₹31,699",4.6
655,"LG W30 (Platinum Grey, 32 GB)","₹8,299",4
656,Karbonn K5 Plus,₹769,4
657,"Google Pixel XL (Quite Black, 32 GB)","₹39,990",4.5
658,"Google Pixel XL (Very Silver, 128 GB)","₹41,990",4.5
659,"ITEL A46 (FIERY RED, 32 GB)","₹5,390",4.1
660,"Redmi 3S Prime (Dark Grey, 32 GB)","₹8,999",4.3
661,Forme C3520,"₹1,295",3.5
662,Lava KKT Curve,"₹1,299",3.9
663,Lava Spark 284,"₹1,479",3.7
664,Lava Spark 284,"₹1,479",3.7
665,Cellecor Elite,₹990,
666,Karbonn K-Pebble,"₹1,381",3.9
667,Forme Winner,"₹1,290",3
668,Forme W3,₹845,
669,Forme F10,₹859,1
670,"Google Pixel 2 (Kinda Blue, 64 GB)","₹61,000",4.5
671,"Asus Zenfone Max (Black, 16 GB)","₹9,999",4.1
672,Lava KKT Trio Plus,"₹1,559",3.9
673,"Gionee P5 Mini (Yellow, 8 GB)","₹3,290",3.8
674,Micromax X805,"₹1,270",3.7
675,Zen Atom 301,"₹1,059",4
676,Gamma F1 FOUR SIM,"₹1,099",
677,"Google Pixel 2 XL (Black & White, 64 GB)","₹45,499",4.6
678,Salora Volt 2,₹659,4
679,Kechaoda K28,₹999,4
680,Lava SPARK ICON,"₹1,519",3.4
681,Lava SPARK ICON,"₹1,519",3.4
682,Micromax X2400,"₹1,799",3.5
683,Forme V8,"₹1,769",
684,"Google Pixel (Very Silver, 128 GB)","₹41,980",4.4
685,Rocktel R5,₹599,3.6
686,Intex Eco Beats,₹690,3.7
687,I Kall K 2180 Combo of Two Mobiles,"₹1,299",3.7
688,GreenBerry 312,₹599,3.3
689,"Apple iPhone XS Max (Space Grey, 512 GB)","₹1,09,900",4.6
690,Zen X58,₹799,3
691,Zen X58,₹837,3
692,Karbonn K451 Plus,"₹1,410",3.5
693,"Infinix S4 (Twilight Purple, 32 GB)","₹9,599",4.2
694,Kechaoda K60,"₹1,337",4
695,Q-Tel Q8,₹449,3.4
696,Forme W1+,₹999,3.4
697,Blackzone Galaxy,₹599,3.8
698,"Panasonic P110 (Blue, 16 GB)","₹4,999",4
699,Ziox Z23,₹795,3.7
700,Intex Turbo 220,"₹1,029",4.1
701,"Redmi Y2 (Blue, 64 GB)","₹10,999",4.4
702,Itel It 5023,"₹1,155",4
703,Micromax Solar Phone X259,"₹1,889",4.3
704,Gfive U229,₹649,3.7
705,Gfive U229,₹569,3.7
706,Lava KKT 28 Star,"₹1,469",3.6
707,"Samsung Galaxy A2 Core (Gold, 16 GB)","₹5,599",4.2
708,Peace FM1 Combo of Two Mobiles,"₹1,075",2.9
709,Micromax X285,"₹2,999",4.7
710,Micromax X285,"₹2,999",2.8
711,Zen X84,₹790,2.9
712,Zen X84,₹799,2.9
713,Zen X84,₹799,2.9
714,I Kall K18 New,₹649,3.7
715,"Redmi 7 (Comet Blue, 32 GB)","₹7,995",4.3
716,Zen X8i Black&Red,₹880,3.3
717,Forme S 11,₹895,3.7
718,Forme S 11,₹890,3.7
719,"OPPO A5s (Red, 32 GB)","₹8,990",4.3
720,"T-Max Jaguar (White, 4 GB)","₹3,499",3.7
721,"Lenovo A5 (Gold, 32 GB)","₹7,999",4
722,I Kall K 46,₹649,
723,BlackZone Polo,₹599,3.3
724,Forme F Fone,"₹1,149",3.6
725,Forme F Fone,"₹1,149",3.6
726,I Kall K301 Combo of Two,"₹1,099",3.3
727,Gfive W1,"₹1,040",3.8
728,I Kall K29 Combo of two Mobile,"₹1,099",3.8
729,Forme L5,₹899,3.6
730,Forme L5,₹899,4.4
731,Forme L5,₹899,3.2
732,Forme L5,₹899,3.8
733,Blackbear C99,"₹1,399",3.8
734,InFocus F229,"₹1,130",4
735,"Google Pixel (Quite Black, 32 GB)","₹57,000",4.4
736,Forme F510,₹737,3.5
737,Salora Volt 2,₹659,4
738,Q-Tel Q7,₹559,3.4
739,Micromax X205,"₹2,999",
740,Karbonn K-Phone 7,₹999,3.7
741,Forme Duos N2,₹799,4.1
742,"Lenovo K6 Power (Grey / Dark Grey, 32 GB)","₹10,999",4
743,"Nokia 6.1 Plus (Blue, 64 GB)","₹8,999",4.3
744,Karbonn K324N,₹970,3.8
745,Intex ECO 106X,₹899,3.6
746,Micromax X253,"₹1,399",3.6
747,Karbonn Flame,"₹1,069",3.5
748,I Kall K72,₹539,3.5
749,Muphone M510,"₹1,099",3.7
750,Micromax X772,"₹1,099",3.9
751,Forme L6,₹999,
752,Forme L6,₹999,
753,Forme L6,₹999,
754,Gfive N9 Combo of Two Mobile,"₹1,099",3.5
755,Lava Spark Vibe,"₹1,469",3.7
756,I Kall K 55,₹599,3.3
757,T-Max Innocent i502,"₹3,999",3.5
758,"Samsung Galaxy C7 Pro (Gold, 64 GB)","₹26,600",4.4
759,"Panasonic Eluga Ray 530 (Blue, 32 GB)","₹8,999",4.1
760,Lava ARC Grand2,"₹1,499",3.9
761,Lava ARC Grand2,"₹1,099",3.8
762,Forme Power Two,"₹1,099",
763,Forme Power Two,"₹1,129",
764,I Kall K66 Combo Of Two Mobile,"₹1,099",3.5
765,Lava ARC Lite FM,₹899,4
766,"Honor 8X (Black, 128 GB)","₹13,699",4.4
767,Forme Teddy,₹747,3.4
768,Hicell C1 Nova,₹539,3.5
769,"Lava Flair P1i (White, 512 MB)","₹2,899",3.3
770,Micromax X930,"₹1,475",4
771,Forme D59,"₹1,155",
772,"OBI Worldphone 4G LTE (Black, 32 GB)","₹6,999",3.3
773,"Karbonn Alfa A91 Power (Champagne, 512 MB)","₹2,599",3
774,M-tech L55,₹799,4.1
775,Forme Mini 5130,₹799,3.2
776,I Kall K112,₹719,3.8
777,Micromax X803,"₹1,299",4
778,"OPPO A5 (Diamond Blue, 64 GB)","₹10,590",4.3
779,I Kall K111 pack of 2,"₹1,399",
780,Micromax X811,"₹1,078",3.8
781,"Zen Admire Shine (Champagne, 8 GB)","₹2,499",3.7
782,I Kall K111 pack of 2,"₹1,399",
783,Snexian Splender,₹849,3.5
784,"Zen Admire Glam (Blue, 8 GB)","₹2,999",2.9
785,I Kall K 112 Combo of 2 mobiles,"₹1,399",
786,I Kall K111 Combo of Two Mobiles,"₹1,399",
787,Forme Heart Candy,"₹1,395",3.9
788,Forme Forever,₹745,3.4
789,Blackbear B5 Tork,"₹1,499",
790,"Apple iPhone 6s (Rose Gold, 32 GB)","₹25,299",4.5
791,Forme N5+ Selfie with Wireless FM,₹599,3.5
792,Peace P3 Combo of Two Mobiles,"₹1,075",3.4
793,Peace P3 Combo of Two Mobiles,"₹1,075",3.4
794,Peace P3 Combo of Two Mobiles,"₹1,075",3.4
795,Peace P3 Combo of Two Mobiles,"₹1,045",3.4
796,"Samsung Galaxy A70 (Blue, 128 GB)","₹24,299",4.4
797,Gfive U707 combo of Two,"₹1,099",3.8
798,Micromax X1i+,"₹2,499",5
799,"Lava Z25 (Gold, 32 GB)","₹18,000",4.2
800,"Nokia 7.2 (Cyan Green, 64 GB)","₹17,099",4.2
801,Forme Cute,₹735,3.2
802,JIVI T201,"₹1,129",3.6
803,JIVI T201,"₹1,129",3.6
804,Karbonn K19 Rock,₹755,3.8
805,Detel D1 Guru,₹599,3.7
806,"Lemon Classic 451 (Silver, 8 GB)","₹3,299",3.5
807,Lava KKT Trio Plus,"₹1,559",4
808,MU M370,₹850,4.4
809,"Asus Zenfone Max Pro M1 (Grey, 64 GB)","₹11,499",4.3
810,Micromax X104C,"₹1,599",4.2
811,Micromax X104C,"₹1,599",4.2
812,"OPPO Ravichandran Ashwin Limited Edition (Black, 64 GB)","₹22,990",4.6
813,Jmax M40,₹635,3
814,Jmax M40,₹635,3
815,Jmax M40,₹635,3
816,"Infinix Zero 5 (Bordeaux Red, 64 GB)","₹17,999",4.2
817,"Infinix Zero 5 (Sandstone Black, 64 GB)","₹17,999",4.2
818,"Infinix Zero 5 (Champagne Gold, 64 GB)","₹17,999",4.2
819,"Panasonic Eluga Ray X (Champagne Gold, Gold, 32 GB)","₹8,999",3.9
820,Mymax M40,₹599,3.5
821,"Apple iPhone 8 (Gold, 64 GB)","₹38,999",4.5
822,Zen Z14,"₹1,120",3.8
823,Forme D815,"₹1,047",
824,Forme D815,"₹1,099",
825,"Redmi K20 Pro (Glacier Blue, 256 GB)","₹29,999",4.5
826,I Kall K19 New,₹569,3.8
827,I Kall K29,₹639,3.8
828,I Kall K25 Combo of Two Mobiles,"₹1,199",3.5
829,Forme Winner 5,"₹1,290",
830,"Redmi Note 7 Pro (Nebula Red, 64 GB)","₹10,999",4.5
831,"Asus ZenFone Max M1 (Gold, 32 GB)","₹5,999",4.1
832,"Lava P7+ (Grey, 8 GB)","₹3,999",3.8
833,Karbonn KX23,₹989,3.7
834,"Redmi K20 (Glacier Blue, 128 GB)","₹24,999",4.5
835,"Gionee A1 Plus (Black, 64 GB)","₹16,499",4.1
836,I Kall K31,₹549,3.4
837,Intex Turbo G10 Plus,"₹1,069",3.7
838,Intex Turbo G10 Plus,₹999,3.7
839,Itel It 2182,₹899,4.6
840,"Honor 6X (Silver, 64 GB)","₹13,999",4.3
841,Blackbear B5 Nex,₹799,4.1
842,"XOLO One (Black, 16 GB)","₹4,999",4
843,"Samsung Galaxy J3 Pro (Gold, 16 GB)","₹8,490",4.2
844,Kechaoda K10,₹814,4
845,"XOLO Q600 Club (Black, 4 GB)","₹3,999",3.8
846,Nokia 3310 DS,"₹3,588",3.8
847,Karbonn K595 Power,"₹1,239",3.7
848,Kara K14,"₹1,229",3.5
849,Karbonn K46 LED,₹759,3.7
850,"Vivo V17 (Admiral Blue, 128 GB)","₹22,499",4.5
851,Peace P3,₹605,3.7
852,Itel Magic 1 Max,"₹1,365",3.9
853,Intex Turbo 108,₹897,3.9
854,GLX W8,₹639,3.8
855,GLX W8,₹639,3.8
856,GLX W8,₹639,3.8
857,Peace P1 Combo of Two Mobiles,"₹1,075",3.7
858,"Mi A2 (Black, 64 GB)","₹11,999",4.2
859,Muphone M6700,"₹1,029",3.8
860,"Gionee S11 Lite (Black, 32 GB)","₹7,499",4
861,Kara Junior,₹579,3.8
862,Kara Junior,₹599,3.8
863,I Kall K5310,₹649,3.5
864,1+1=2 D9,"₹1,059",
865,Forme M660,₹999,3.7
866,Intex Turbo 108+,₹990,4.4
867,Itel It 5022,"₹1,070",4.1
868,I Kall K34 New,₹649,3.6
869,I-Plus I-4,₹699,3.9
870,Forme Inspire V8,"₹1,499",4
871,I Kall K27 New Combo of Two Mobiles,₹999,
872,Zen Grand 101,"₹1,570",3.9
873,Karbonn K1 Prime,₹739,3.7
874,I Kall K15 pack of 2,"₹1,199",
875,"Micromax Bolt Supreme 4 Q352 Plus (Grey, 16 GB)","₹3,590",3.7
876,"Redmi Y1 lite (Grey, 16 GB)","₹7,695",4.2
877,"Samsung Galaxy A30s (Prism Crush Violet, 128 GB)","₹16,856",4.3
878,"Google Pixel 2 (Clearly White, 128 GB)","₹70,000",4.5
879,Forme S900,"₹1,395",3.2
880,Forme S900,"₹1,395",3.2
881,Gfive Z18,"₹1,189",3.4
882,"Infinix Hot S3 (Sandstone Black, 64 GB)","₹11,999",4.1
883,"POCO F1 (Rosso Red, 64 GB)","₹19,999",4.5
884,Zen X91,₹984,4
885,Kechaoda A27,₹850,4.1
886,Kechaoda A27,₹899,4.1
887,Kechaoda A27,₹899,4.1
888,"Redmi Y1 lite (Gold, 16 GB)","₹7,499",4.2
889,"Apple iPhone 7 (Gold, 32 GB)","₹36,999",4.5
890,"Billion Capture+ (Mystic Black, 32 GB)","₹11,999",3.4
891,I Kall K6303,₹799,3.7
892,JIVI X570 Plus,₹898,4.4
893,Micromax X1i Reloaded,"₹2,250",4.5
894,Hicell C1 Fox,₹539,3.5
895,Zen X66,₹858,3.8
896,Zen X66,₹858,3.8
897,Zen X66,₹858,3.8
898,"Lenovo K6 Power (Silver, 32 GB)","₹10,999",4
899,BlackZone TURBO,₹799,3.2
900,Gfive Guru,₹675,3.7
901,Gfive Guru,₹675,3.7
902,Gfive Guru,₹675,3.7
903,Iball Assan,"₹2,749",3.9
904,Zen X23,₹740,3
905,Forme L100,"₹1,093",3.6
906,"Samsung Galaxy J4 Plus (Black, 32 GB)","₹9,000",4.3
907,"Infinix Smart 2 (Sandstone Black, 16 GB)","₹6,399",4.1
908,Zen Atom 101,₹774,3.3
909,Zen Atom 101,₹774,3.6
910,Hicell C5,₹539,3.6
911,Snexian Guru Plus 312 Combo of Two Mobiles,"₹1,129",3.3
912,I Kall K 60,"₹1,899",4
913,Reach Champ I3,₹516,3.6
914,Intex Eco NC,₹890,3.4
915,Forme D20,₹799,3.7
916,Forme D20,₹899,3.7
917,Forme D20,₹899,3.7
918,Forme D20,₹799,3.7
919,"Apple iPhone 7 (Red, 128 GB)","₹34,900",4.5
920,Salora Coral,₹899,3.6
921,Salora Coral,₹899,3.6
922,Lava KKT Pearl FM,"₹1,299",4
923,"Samsung Galaxy Note 10 (Aura Red, 256 GB)","₹73,799",4.5
924,"Samsung Galaxy S20 Ultra (Cosmic Gray, 128 GB)","₹97,999",4
925,"Apple iPhone 7 (Jet Black, 256 GB)","₹63,999",4.5
926,"XOLO ERA 1X Pro (Gold, 16 GB)","₹6,888",3.8
927,Lava KKT 48,"₹1,569",3.8
928,Lava KKT 48,"₹1,569",3.8
929,"Zen Admire Glow (Champagne & Gold, 8 GB)","₹2,689",3
930,"Panasonic P101 (Blue, 16 GB)","₹7,999",4
931,Micromax X277,"₹1,999",5
932,"Lenovo A5 (Gold, 16 GB)","₹6,999",4.1
933,Lava ARC Dzire,"₹1,329",3.7
934,Jmax M40 & M43 Combo,"₹1,199",
935,Jmax M40 & M43 Combo,"₹1,199",
936,Forme D516,"₹1,099",3
937,Micromax X278,"₹2,199",3
938,I Kall K3310 Combo Of Two Mobile,"₹1,199",3.7
939,I Kall K3310 Combo Of Two Mobile,"₹1,199",3.7
940,"Tecno Camon I Ace (Midnight Black, Black, 16 GB)","₹4,799",4.1
941,GreenBerry GB 310,₹599,3.2
942,"Samsung Galaxy M20 (Ocean Blue, 32 GB)","₹11,090",4.1
943,"Samsung Galaxy On Nxt (Black, 16 GB)","₹9,499",4.3
944,Karbonn Baahubali,"₹1,390",3.6
945,"Lava iris X5 With Flip Cover (White, 8 GB)","₹7,999",3.8
946,"Lava A50 (Black & Silver, 8 GB)","₹2,499",3.5
947,Micromax X601,"₹1,199",3.8
948,Gfive A98,₹967,3.7
949,Nokia 3310 DS,"₹3,340",3.8
950,Nokia 3310 DS,"₹3,448",3.8
951,"Forme Surprise P10 (Black & Silver, 4 GB)","₹2,199",2.9
952,JIVI N3333,"₹1,185",3.9
953,Forme L6,₹899,4.1
954,Forme L6,₹899,3.1
955,Micromax X261,"₹2,550",2.3
956,Micromax X11i,"₹1,599",3.5
957,Nokia 105,"₹1,299",4.2
958,"Apple iPhone XR ((PRODUCT)RED, 128 GB)","₹54,900",4.6
959,Muphone M230,"₹1,289",3.6
960,"YUHO Y2 Pro (Ruby Red-Black, 16 GB)","₹4,699",
961,"Samsung Galaxy S20 (Cosmic Gray, 128 GB)","₹70,599",4.1
962,BlackZone E1282T,₹599,3.6
963,Forme Gorilla,₹999,3.8
964,Forme Gorilla,₹999,3.8
965,Micromax X608,₹899,3.7
966,Forme D555+,"₹1,125",2.8
967,Ziox X43,₹679,
968,Zen M90,"₹1,100",3.8
969,Zen M90,"₹1,100",3.8
970,Forme Mini5130Plus,₹795,4.9
971,Blackbear B5 Click +,₹598,3.8
972,"Samsung Galaxy S8 (Midnight Black, 64 GB)","₹49,990",4.6
973,Micromax Q4,"₹2,599",3.8
974,"Honor 9N (Midnight Black, 64 GB)","₹8,999",4.3
975,Micromax Q2+,"₹2,348",3.7
976,"Karbonn Platinum P9 (Stary Black Blue, 16 GB)","₹3,999",3.8
977,Easyfone Amico,"₹2,499",3.3
978,Micromax X288,"₹2,999",4.8
979,Forme Inspire,"₹1,769",3.5
980,"Redmi Y3 (Bold Red, 32 GB)","₹8,252",4.3
981,"Honor View 20 (sapphire blue, 128 GB)","₹23,990",4.4
982,Gfive Audi,₹675,3.7
983,Micromax X707,₹999,3.8
984,I Kall K 51,₹639,4.6
985,Zen X35,₹829,3.9
986,Zen X35,₹839,3.9
987,Forme Q500,₹915,
988,Micromax X970,"₹1,209",3.8
989,Forme Heart Candy,"₹1,395",3.9
990,1+1=2 D4,₹809,3.4
991,"POCO F1 (Graphite Black, 256 GB)","₹22,999",4.5
992,Trio T4 Prime,₹633,3.5
993,"Honor View 20 (Phantom Blue, 256 GB)","₹29,990",4.4
994,Blackbear D-102,"₹1,290",3.8
995,Gfive Plus,₹675,3.7
996,Micromax ( X849 BLACK ),"₹1,399",3.7
997,Winstar W11,₹999,3.6
998,Whitecherry 1280,₹599,3.3
999,"Samsung Galaxy A30s (Prism Crush White, 128 GB)","₹16,856",4.3
1000,"Samsung Galaxy A9 (Bubblegum Pink, 128 GB)","₹27,399",4.4
1001,Karbonn K-Phone 1,"₹1,331",3.9
1002,Saral Sigmatel K34,₹580,2.8
1003,"Samsung Galaxy Note 9 (Metallic Copper, 128 GB)","₹71,599",4.6
1004,"Forme W350 (Black, 32 GB)","₹1,148",
1005,Lava ARC 22,"₹1,799",3.7
1006,"Google Pixel 2 XL (Just Black, 128 GB)","₹49,999",4.6
1007,"POCO F1 (Rosso Red, 256 GB)","₹22,999",4.5
1008,Samsung Metro 350,"₹2,899",4.1
1009,Cellecor C500,"₹1,199",5
1010,Cellecor C500,"₹1,199",5
1011,Muphone M300,"₹1,139",3.6
1012,Muphone M300,"₹1,139",3.6
1013,iBall Senior Aasaan2,"₹2,799",3.9
1014,I Kall K28,₹639,3.5
1015,"Redmi Note 7S (Astro Moonlight White, 32 GB)","₹9,999",4.4
1016,Samsung Metro 313,"₹2,315",4.1
1017,"T-Max Jaguar (Black, 4 GB)","₹3,595",3.7
1018,"Samsung Galaxy A70s (Prism Crush Red, 128 GB)","₹28,400",4.2
1019,Karbonn KX2,₹725,3.8
1020,"Samsung Galaxy A10s (Blue, 32 GB)","₹9,480",4.4
1021,"Gionee A1 (Grey, 64 GB)","₹21,499",4
1022,Q-Tel Q7,₹499,3.4
1023,Tambo A2200,₹990,4
1024,JIVI X570,₹899,3.7
1025,Karbonn K-Phone 7,"₹1,190",3.7
1026,"Realme U1 (Brave Blue, 64 GB)","₹8,995",4.4
1027,"Mi 4i (Yellow, 16 GB)","₹12,999",4.2
1028,"Tecno Camon i4 (Nebula Black, 32 GB)","₹7,599",4.1
1029,"Infinix Note 5 (Milan Black, 32 GB)","₹10,599",4.2
1030,Forme W1+,₹999,3.4
1031,"Forme F520 (Yellow, 4 GB)","₹2,099",3.7
1032,"Samsung Galaxy M10S (Metallic Blue, 32 GB)","₹8,990",4.4
1033,I Kall K55 Combo Of Two Mobile,₹949,3.4
1034,"Honor 7A (Blue, 32 GB)","₹7,499",4.3
1035,"Samsung Galaxy On Max (Black, 32 GB)","₹19,900",4.3
1036,Forme Winner W3,₹845,3.9
1037,"Samsung Galaxy M10S (Stainless Black, 32 GB)","₹9,100",4.4
1038,I Kall K 55,₹549,3.3
1039,"OPPO F11 Pro (Aurora Green, 64 GB)","₹22,990",4.4
1040,Samsung Metro 313,"₹2,120",4.1
1041,I Kall K 71 Pack of Three,"₹1,199",3.4
1042,"Realme C1 (Navy Blue, 32 GB)","₹7,499",4.4
1043,I Kall K 2180,"₹1,299",3.8
1044,Forme Forme,"₹1,899",3
1045,"ZOPO Color F5 (Black, 16 GB)","₹5,500",3.5
1046,Forme Teddy T2,₹738,3.4
1047,Forme Teddy T2,₹699,3.4
1048,"Gome C7 (Gold, 16 GB)","₹3,999",4.1
1049,Lava A1,₹799,4.2
1050,Itel it5260,"₹1,269",4.9
1051,Jmax M43 Combo of two,"₹1,199",
1052,Jmax M43 Combo of two,"₹1,199",
1053,Jmax M43 Combo of two,"₹1,199",
1054,Jmax M43 Combo of two,"₹1,199",
1055,Jmax M43 Combo of two,"₹1,199",
1056,Karbonn KX3,₹717,3.9
1057,Intex Turbo 220,"₹1,029",4.1
1058,"Apple iPhone 11 (Yellow, 64 GB)","₹64,900",4.7
1059,"Coolpad Mega 5C (Sky Blue, 16 GB)","₹3,200",3.7
1060,Micromax X285,"₹2,999",
1061,"Nokia 6.1 Plus (Blue, 64 GB)","₹11,329",4.1
1062,Videocon Dost V1AA7 (V1388),₹850,3.9
1063,"Redmi Note 7 (Onyx Black, 32 GB)","₹9,999",4.4
1064,Forme Inspire,"₹1,728",3.5
1065,"Honor Holly 2 Plus (White, 16 GB)","₹8,499",4
1066,"Redmi K20 (Carbon Black, 128 GB)","₹24,999",4.5
1067,"Mi A2 (Red, 128 GB)","₹15,999",4.1
1068,"HTC U ULtra (Sapphire Blue, 64 GB)","₹62,990",4
1069,"Asus Zenfone Max Pro M1 (Blue, 32 GB)","₹7,499",4.3
1070,Kechaoda A18,₹880,
1071,Itel it2161,₹799,4
1072,Intex Eco 111,₹759,3.8
1073,Inovu A7,₹649,3.3
1074,Inovu A7,₹649,3.3
1075,Muphone M350,₹890,5
1076,Muphone M350,₹890,5
1077,Muphone M350,₹890,5
1078,Muphone M350,₹949,5
1079,Blackzone Force+,₹599,3.4
1080,"Blackbear B6 Pro (Plum Red, 16 GB)","₹5,299",
1081,"Micromax Bolt S301 (Black, 4 GB)","₹2,190",3.1
1082,Blackbear C99 Stroke,"₹1,020",3.7
1083,Zen X91,₹984,4
1084,Itel IT5025,₹949,4.1
1085,I Kall K14 New,₹599,3.5
1086,I Kall K33 New Combo of Two,"₹1,299",3.8
1087,"Asus ZenFone Lite L1 (Black, 16 GB)","₹4,999",4.2
1088,Intex Yaari,₹859,3.9
1089,"Apple iPhone 7 Plus (Jet Black, 128 GB)","₹42,900",4.5
1090,"Tecno Camon I Sky 2 (Bordeaux Red, 16 GB)","₹6,030",4.1
1091,"Tecno Camon I Sky 2 (Champagne Gold, 16 GB)","₹5,980",4.1
1092,Forme N5 Plus,₹799,
1093,Zen Z15,"₹1,225",3.9
1094,Intex ECO 110,₹765,
1095,"OPPO R17 Pro (Radiant Mist, 128 GB)","₹31,590",4.1
1096,"OPPO R17 Pro (Emerald Green, 128 GB)","₹31,590",4.1
1097,"Honor 5X (Grey, 16 GB)","₹12,999",4.1
1098,Itel IT 5617,"₹1,124",3.8
1099,"Panasonic P90 (Blue, 16 GB)","₹5,999",3.8
1100,"Honor 8X (Blue, 128 GB)","₹13,699",4.4
1101,Micromax CG666,"₹2,749",3.3
1102,"Tecno Camon I Twin (Midnight Black, 32 GB)","₹10,999",4.4
1103,Peace P1 Pack of Three Mobiles,"₹1,449",3.8
1104,Hicell C1 Tiger,₹539,3.4
1105,"Forme P9 Plus (Black, 512 MB)","₹1,959",
1106,"Samsung Galaxy A2 Core (Dark Gray, 16 GB)","₹5,599",4.2
1107,Karbonn KX21,₹849,3.9
1108,Jivi S3,₹885,3.8
1109,Jivi S3,₹885,3.8
1110,"Apple iPhone 7 Plus (Black, 256 GB)","₹73,999",4.5
1111,InFocus Hero Selfie C2,₹962,3.8
1112,I Kall K25 Combo of Two Mobiles,"₹1,199",3.5
1113,BlackBear B5 Chrome,₹610,3.6
1114,Micromax X725,"₹1,099",3.8
1115,"Apple iPhone 7 Plus (Rose Gold, 256 GB)","₹52,999",4.5
1116,Itel Magic 1 Max,"₹1,360",3.9
1117,ITEL magic 1 max,"₹1,375",3.9
1118,Iball Aasaan 4,"₹2,399",3.9
1119,Kechaoda A1 Combo of Two Mobiles,"₹1,499",3
1120,"T-Max Butterfly (Dark Blue, 4 GB)","₹2,599",3.2
1121,Zen Atom 103,₹848,3.8
1122,Zen Atom 103,₹799,3.8
1123,"Apple iPhone 6s (Gold, 16 GB)","₹41,999",4.5
1124,"Asus Zenfone Max Pro M1 (Black, 64 GB)","₹11,499",4.3
1125,Samsung Guru FM Plus,"₹1,599",4.2
1126,Jmax M40 Combo of Two,"₹1,199",
1127,Jmax M40 Combo of Two,"₹1,199",
1128,"Alcatel 3V (Spectrum Gold, 32 GB)","₹5,999",3.6
1129,Samsung Metro B313E Dual Sim - White,"₹2,120",4.1
1130,"Asus ROG Phone II (Black, 128 GB)","₹37,999",4.6
1131,Muphone M5800,"₹1,029",3.9
1132,"Zen Desire Strong (Blue, 4 GB)","₹2,329",3.4
1133,"XOLO Q800 (White, 4 GB)","₹9,556",4.4
1134,I Kall K301 Combo of two mobile,"₹1,099",3.7
1135,"Samsung Galaxy S9 (Midnight Black, 128 GB)","₹61,900",4.4
1136,I Kall K6300,₹845,3.6
1137,"Samsung Galaxy S8 (Orchid Grey, 64 GB)","₹49,990",4.6
1138,"Honor Holly 3 (Black, 16 GB)","₹10,499",4
1139,"OnePlus 6T (Speed Orange, 256 GB)","₹44,999",
1140,Samsung Metro 350,"₹2,849",4.1
1141,Kechaoda A19,"₹1,209",3.8
1142,BlackZone Eluga,₹599,3.2
1143,"Redmi Note 5 Pro (Red, 64 GB)","₹13,999",4.5
1144,"Samsung Galaxy A7 (Blue, 128 GB)","₹24,600",4.4
1145,"Samsung Galaxy On8 (Black, 64 GB)","₹12,699",4.4
1146,"Redmi K20 (Pearl White, 128 GB)","₹24,999",4.5
1147,"Yu Yureka Plus (Moon Dust Grey, 16 GB)","₹6,499",3.7
1148,"Realme 6 Pro (Lightning Orange, 128 GB)","₹18,999",4.6
1149,Karbonn K88 Dual Sim - Black & Red,"₹1,099",3.3
1150,"Apple iPhone 6s Plus (Rose Gold, 64 GB)","₹59,999",4.4
1151,Gfive Z2,₹799,3.9
1152,"Apple iPhone 8 Plus (Space Grey, 256 GB)","₹84,900",4.6
1153,"Apple iPhone 6s Plus (Silver, 128 GB)","₹49,990",4.4
1154,I Kall K18 New,₹649,3.7
1155,Chilli B39,₹944,3.4
1156,Karbonn K310n,₹698,3.8
1157,"Apple iPhone 6s Plus (Gold, 64 GB)","₹59,999",4.4
1158,"Panasonic Eluga I2 Activ (Gold, 16 GB)","₹7,490",3.5
1159,"Infinix Hot S3 (Blush Gold, 64 GB)","₹11,999",4.1
1160,"Infinix Hot S3 (Topaz Blue, 64 GB)","₹11,999",4.1
1161,Zen Power 102,₹979,3.9
1162,Intex Polo,₹763,3.7
1163,"Samsung Galaxy A20s (Green, 64 GB)","₹13,699",4.4
1164,Ssky S-10 Hero,₹699,3.3
1165,"Samsung Galaxy A20s (Blue, 64 GB)","₹13,699",4.4
1166,"Moto G7 (White, 64 GB)","₹9,999",4.3
1167,Forme N1,₹599,3.5
1168,Forme N1,₹599,3.5
1169,Kechaoda K100,₹990,3.8
1170,"Apple iPhone 8 (PRODUCT)RED (Red, 64 GB)","₹38,999",4.7
1171,Micromax X607,"₹1,124",3.4
1172,Forme Mini 1,₹899,3.5
1173,"Redmi Y1 (Gold, 64 GB)","₹9,990",4.1
1174,InFocus F115,₹799,3.7
1175,"Asus ZenFone 5Z (Midnight Blue, 256 GB)","₹21,999",4.5
1176,"Honor Holly (Black/White, 16 GB)","₹5,999",4.1
1177,Blackbear C-88 Karaoke,"₹1,699",3.7
1178,Do M 20,"₹1,000",3.7
1179,Do M10,₹899,3.6
1180,Samsung Metro 313,"₹2,120",4.1
1181,Muphone M380,₹890,4.7
1182,Muphone M380,₹890,4.7
1183,Muphone M380,₹890,4.7
1184,Muphone M380,₹890,4.7
1185,Tork T27 Power,₹949,3.6
1186,"Vivo Z1Pro (Mirror Black, 64 GB)","₹14,799",4.5
1187,"T-Max Butterfly (Blue, 4 GB)","₹1,999",3.2
1188,"T-Max Butterfly (White & Yellow, 4 GB)","₹2,399",3.2
1189,"T-Max Butterfly (Black, 4 GB)","₹1,999",3.2
1190,"Huawei Y9 prime (Blue, 128 GB)","₹14,499",5
1191,Intex Eco 205,₹934,3.7
1192,"Apple iPhone 7 (PRODUCT) (Red, 256 GB)","₹63,999",4.7
1193,Hicell C1 Fox,₹539,3.5
1194,"Alcatel 5V (Spectrum Blue, 32 GB)","₹3,799",4.5
1195,Micromax X908,"₹1,179",3.7
1196,Salora KT24+ Vishaal,"₹1,099",3.6
1197,Micromax Astra,"₹1,635",3.2
1198,Zen Atom 101,₹774,3.5
1199,"Gionee Pioneer P3 (White, 4 GB)","₹2,350",3.9
